Workbook

Sheet Sheet1
A1: Id | B1: Column2 | C1: Column1 | D1: Email | E1: Name | F1: What is your current academic level? | G1: What is your primary field of study/major? | H1: How many courses did you take in your most recent full-time semester (Fall 2024 or Winter 2025)? | I1: What is your PRIMARY method for taking notes in class? | J1: If you use digital devices for note-taking, which device do you primarily use? | K1: If you use digital note-taking, which app(s) do you primarily use? (Select all that apply) | L1: For what percentage of your courses do you use your PRIMARY note-taking method? | M1: In which types of courses do you MOST often take notes? (Select all that apply) | N1: Do you adjust your note-taking method based on the course type? | O1: In courses where PowerPoint slides are provided in advance, do you: | P1: What is your current overall GPA at Concordia University? | Q1: What was your GPA in your most recent completed semester? | R1: In courses where you take notes regularly, what is your typical grade range? | S1: How long have you been using your current PRIMARY note-taking method? | T1: How satisfied are you with your current note-taking method? | U1: Do you review your notes regularly for studying? | V1: Have you ever switched from paper to digital note-taking (or vice versa)? | W1: If you answered yes to question 17, did you notice any change in your academic performance after switching?
A2: 2 | D2: anonymous | F2: Maybe Undergraduate (3rd year) | G2: Engineering | H2: 3-4 courses | I2: Digital notes on tablet with stylus (iPad, Surface, etc.) | J2: iPad with Apple Pencil | K2: GoodNotes; | L2: 76-100% | M2: Physics/Chemistry courses | N2: Sometimes, depending on the specific course | O2: Annotate directly on the provided slides (if digital) | P2: 2.30-2.69 (C+ to B-) | Q2: 2.70-3.29 (B- to B+) | R2: A- to B+ (80-89%) | S2: 6 months - 1 year | T2: Very satisfied | U2: Often (for most courses) | V2: Yes, switched from paper to digital | W2: Significant improvement
A3: 3 | D3: anonymous | F3: Undergraduate (2nd year) | G3: Engineering | H3: More than 6 courses | I3: Digital notes on tablet with stylus (iPad, Surface, etc.) | J3: iPad with Apple Pencil | K3: GoodNotes; | L3: 76-100% | M3: Engineering technical courses | N3: No, I use the same method for all courses | O3: Annotate directly on the provided slides (if digital) | P3: 2.30-2.69 (C+ to B-) | Q3: 2.70-3.29 (B- to B+) | R3: B to B- (70-79%) | S3: 1-2 years | T3: Very satisfied | U3: Sometimes (for some courses) | V3: Yes, switched from paper to digital | W3: Slight improvement
A4: 4 | D4: anonymous | F4: Undergraduate (2nd year) | G4: Engineering | H4: 5-6 courses | I4: Digital notes on tablet with stylus (iPad, Surface, etc.) | J4: iPad with Apple Pencil | K4: GoodNotes; | L4: 51-75% | M4: Engineering technical courses | N4: Yes, I use different methods for different types of courses | O4: Still take detailed notes during lecture | P4: 3.30-3.69 (B+ to A-) | Q4: 3.30-3.69 (B+ to A-) | R4: A- to B+ (80-89%) | S4: 1-2 years | T4: Neutral | U4: Often (for most courses) | V4: Yes, switched from paper to digital | W4: Slight improvement
A5: 5 | D5: anonymous | F5: Undergraduate (1st year) | G5: Engineering | H5: 3-4 courses | I5: Handwritten notes on paper | J5: I don't use digital devices for notes | K5: I don't use digital note-taking; | L5: 51-75% | M5: Problem-solving/exercise-based courses | N5: Yes, I use different methods for different types of courses | O5: Don't attend/take notes if slides are provided | P5: 3.70-4.00 (A- to A+) | Q5: 3.70-4.00 (A- to A+) | R5: A- to B+ (80-89%) | S5: More than 3 years | T5: Neutral | U5: Sometimes (for some courses) | V5: No, always used the same method | W5: Not applicable (didn't switch methods)
A6: 6 | D6: anonymous | F6: Undergraduate (1st year) | G6: Business/Commerce (JMSB) | H6: This is my first semester at Concordia | I6: Handwritten notes on paper | J6: iPad with Apple Pencil | K6: OneNote; | L6: 26-50% | M6: Math/Statistics courses | N6: Yes, I use different methods for different types of courses | O6: Still take detailed notes during lecture | P6: 3.70-4.00 (A- to A+) | Q6: 3.70-4.00 (A- to A+) | R6: A+ to A (90-100%) | S6: 6 months - 1 year | T6: Very satisfied | U6: Often (for most courses) | V6: Yes, switched from paper to digital | W6: Significant improvement
A7: 7 | D7: anonymous | F7: Maybe Undergraduate (3rd year) | G7: Engineering | H7: 5-6 courses | I7: Digital notes on tablet with stylus (iPad, Surface, etc.) | J7: iPad with other stylus | K7: Noteful; | L7: 51-75% | M7: Engineering technical courses | N7: Yes, I use different methods for different types of courses | O7: Still take detailed notes during lecture | P7: 2.70-3.29 (B- to B+) | Q7: 2.70-3.29 (B- to B+) | R7: A- to B+ (80-89%) | S7: 6 months - 1 year | T7: Neutral | U7: Often (for most courses) | V7: Yes, switched from paper to digital | W7: Slight decline
A8: 8 | D8: anonymous | F8: Undergraduate (2nd year) | G8: Engineering | H8: 3-4 courses | I8: Handwritten notes on paper | J8: I don't use digital devices for notes | K8: I don't use digital note-taking; | L8: 76-100% | M8: Math/Statistics courses | N8: No, I use the same method for all courses | O8: Still take detailed notes during lecture | P8: 3.30-3.69 (B+ to A-) | Q8: 3.30-3.69 (B+ to A-) | R8: A- to B+ (80-89%) | S8: 2-3 years | T8: Very satisfied | U8: Often (for most courses) | V8: No, always used the same method
A9: 9 | D9: anonymous | F9: Undergraduate (2nd year) | G9: Engineering | H9: 3-4 courses | I9: Handwritten notes on paper | J9: iPad with other stylus | K9: GoodNotes; | L9: 0-25% | M9: Math/Statistics courses | N9: Sometimes, depending on the specific course | O9: Annotate directly on the provided slides (if digital) | P9: 2.30-2.69 (C+ to B-) | Q9: 2.00-2.29 (C to C+) | R9: C+ to C (60-69%) | S9: Less than 6 months | T9: Satisfied | U9: Sometimes (for some courses) | V9: No, always used the same method | W9: Not applicable (didn't switch methods)
A10: 10 | D10: anonymous | F10: Undergraduate (2nd year) | G10: Engineering | H10: 5-6 courses | I10: Digital notes on tablet with stylus (iPad, Surface, etc.) | J10: iPad with Apple Pencil | K10: GoodNotes; | L10: 51-75% | M10: Engineering technical courses | N10: Yes, I use different methods for different types of courses | O10: Still take detailed notes during lecture | P10: 2.70-3.29 (B- to B+) | Q10: 2.70-3.29 (B- to B+) | R10: B to B- (70-79%) | S10: 1-2 years | T10: Satisfied | U10: Sometimes (for some courses) | V10: Yes, switched from paper to digital | W10: Slight improvement
A11: 11 | D11: anonymous | F11: Undergraduate (1st year) | G11: Engineering | H11: 5-6 courses | I11: Digital notes on tablet with stylus (iPad, Surface, etc.) | J11: iPad with Apple Pencil | K11: Notability; | L11: 51-75% | M11: Problem-solving/exercise-based courses | N11: Sometimes, depending on the specific course | O11: Take minimal notes, rely mainly on slides | P11: 2.70-3.29 (B- to B+) | Q11: 2.70-3.29 (B- to B+) | R11: A- to B+ (80-89%) | S11: 2-3 years | T11: Satisfied | U11: Rarely | V11: No, always used the same method | W11: Not applicable (didn't switch methods)
A12: 12 | D12: anonymous | F12: Undergraduate (2nd year) | G12: Engineering | H12: 5-6 courses | I12: Digital notes on tablet with stylus (iPad, Surface, etc.) | J12: iPad with other stylus | K12: Notability; | L12: 76-100% | M12: Problem-solving/exercise-based courses | N12: No, I use the same method for all courses | O12: Annotate directly on the provided slides (if digital) | P12: 2.30-2.69 (C+ to B-) | Q12: 2.70-3.29 (B- to B+) | R12: B to B- (70-79%) | S12: 1-2 years | T12: Satisfied | U12: Sometimes (for some courses) | V12: Yes, switched from digital to paper | W12: No change
A13: 13 | D13: anonymous | F13: Undergraduate (2nd year) | G13: Engineering | H13: 3-4 courses | I13: dont take notes | J13: Laptop/computer (typing only) | K13: I don't use digital note-taking; | L13: 76-100% | M13: Lecture-heavy courses (mostly listening) | N13: No, I use the same method for all courses | O13: Don't attend/take notes if slides are provided | P13: 2.30-2.69 (C+ to B-) | Q13: 2.30-2.69 (C+ to B-) | R13: C+ to C (60-69%) | S13: More than 3 years | T13: Neutral | U13: Never | V13: No, always used the same method
A14: 14 | D14: anonymous | F14: Undergraduate (1st year) | G14: Engineering | H14: 3-4 courses | I14: Digital notes on tablet with stylus (iPad, Surface, etc.) | J14: iPad with other stylus | K14: Notability; | L14: 51-75% | M14: Physics/Chemistry courses | N14: Yes, I use different methods for different types of courses | O14: Still take detailed notes during lecture | P14: 2.70-3.29 (B- to B+) | Q14: 2.70-3.29 (B- to B+) | R14: B to B- (70-79%) | S14: More than 3 years | T14: Satisfied | U14: Often (for most courses) | V14: Yes, switched from paper to digital | W14: Slight improvement
A15: 15 | D15: anonymous | F15: Undergraduate (2nd year) | G15: Engineering | H15: 3-4 courses | I15: Digital notes on tablet with stylus (iPad, Surface, etc.) | J15: iPad with Apple Pencil | K15: GoodNotes; | L15: 51-75% | M15: Math/Statistics courses | N15: I don't take notes in some course types | O15: Take minimal notes, rely mainly on slides | P15: 2.70-3.29 (B- to B+) | Q15: 2.70-3.29 (B- to B+) | R15: B to B- (70-79%) | S15: 2-3 years | T15: Satisfied | U15: Often (for most courses) | V15: No, always used the same method | W15: Not applicable (didn't switch methods)
A16: 16 | D16: anonymous | F16: Undergraduate (2nd year) | G16: Engineering | H16: 5-6 courses | I16: Handwritten notes on paper | J16: I don't use digital devices for notes | K16: I don't use digital note-taking; | L16: 76-100% | M16: Math/Statistics courses | N16: Yes, I use different methods for different types of courses | O16: Still take detailed notes during lecture | P16: 3.70-4.00 (A- to A+) | Q16: 3.30-3.69 (B+ to A-) | R16: A- to B+ (80-89%) | S16: More than 3 years | T16: Very satisfied | U16: Sometimes (for some courses) | V16: No, always used the same method | W16: Not applicable (didn't switch methods)
A17: 17 | D17: anonymous | F17: Undergraduate (2nd year) | G17: Engineering | H17: 3-4 courses | I17: Handwritten notes on paper | J17: I don't use digital devices for notes | K17: I don't use digital note-taking; | L17: 51-75% | M17: Math/Statistics courses | N17: Sometimes, depending on the specific course | O17: Take minimal notes, rely mainly on slides | P17: 2.70-3.29 (B- to B+) | Q17: 2.30-2.69 (C+ to B-) | R17: B to B- (70-79%) | S17: More than 3 years | T17: Neutral | U17: Often (for most courses) | V17: No, always used the same method | W17: Not applicable (didn't switch methods)
A18: 18 | D18: anonymous | F18: Maybe Undergraduate (3rd year) | G18: Fine Arts | H18: 3-4 courses | I18: Mix of paper and digital (roughly equal) | J18: Laptop/computer (typing only) | K18: Notion; | L18: 76-100% | M18: Courses with provided PowerPoint slides | N18: Sometimes, depending on the specific course | O18: Still take detailed notes during lecture | P18: 2.70-3.29 (B- to B+) | Q18: 2.70-3.29 (B- to B+) | R18: A- to B+ (80-89%) | S18: 2-3 years | T18: Satisfied | U18: Often (for most courses) | V18: Yes, switched between different digital methods | W18: Slight improvement
A19: 19 | D19: anonymous | F19: Maybe Undergraduate (3rd year) | G19: Arts and Science | H19: 3-4 courses | I19: Mix of paper and digital (roughly equal) | J19: Laptop/computer (typing only) | K19: OneNote;Google Docs/Drive;Word; | L19: 0-25% | M19: Courses with provided PowerPoint slides | N19: Yes, I use different methods for different types of courses | O19: Take minimal notes, rely mainly on slides | P19: 2.70-3.29 (B- to B+) | Q19: 2.70-3.29 (B- to B+) | R19: A- to B+ (80-89%) | S19: More than 3 years | T19: Neutral | U19: Often (for most courses) | V19: Yes, switched from paper to digital | W19: No change
A20: 20 | D20: anonymous | F20: Graduate student | G20: Arts and Science | H20: 5-6 courses | I20: Digital notes on tablet with stylus (iPad, Surface, etc.) | J20: iPad with Apple Pencil | K20: GoodNotes; | L20: 76-100% | M20: Discussion/seminar courses | N20: Yes, I use different methods for different types of courses | O20: Take minimal notes, rely mainly on slides | P20: 3.30-3.69 (B+ to A-) | Q20: 3.30-3.69 (B+ to A-) | R20: A- to B+ (80-89%) | S20: 2-3 years | T20: Satisfied | U20: Often (for most courses) | V20: Yes, switched from paper to digital | W20: Slight improvement
A21: 21 | D21: anonymous | F21: Maybe Undergraduate (3rd year) | G21: Engineering | H21: 3-4 courses | I21: Digital notes on tablet with stylus (iPad, Surface, etc.) | J21: iPad with Apple Pencil | K21: GoodNotes; | L21: 51-75% | M21: Courses with provided PowerPoint slides | N21: Sometimes, depending on the specific course | O21: Annotate directly on the provided slides (if digital) | P21: Prefer not to answer | Q21: Prefer not to answer | R21: B to B- (70-79%) | S21: 6 months - 1 year | T21: Satisfied | U21: Sometimes (for some courses) | V21: Yes, switched from paper to digital | W21: Slight improvement
A22: 22 | D22: anonymous | F22: Undergraduate (2nd year) | G22: Engineering | H22: 5-6 courses | I22: Digital notes on tablet with stylus (iPad, Surface, etc.) | J22: iPad with Apple Pencil | K22: Notability; | L22: 76-100% | M22: Math/Statistics courses | N22: Yes, I use different methods for different types of courses | O22: Still take detailed notes during lecture | P22: 3.30-3.69 (B+ to A-) | Q22: 3.30-3.69 (B+ to A-) | R22: A- to B+ (80-89%) | S22: More than 3 years | T22: Very satisfied | U22: Always (for every course) | V22: No, always used the same method | W22: Not applicable (didn't switch methods)
A23: 23 | D23: anonymous | F23: Undergraduate (2nd year) | G23: Engineering | H23: 3-4 courses | I23: Digital notes on tablet with stylus (iPad, Surface, etc.) | J23: iPad with Apple Pencil | K23: noteful; | L23: 76-100% | M23: Problem-solving/exercise-based courses | N23: No, I use the same method for all courses | O23: Take minimal notes, rely mainly on slides | P23: 3.30-3.69 (B+ to A-) | Q23: 3.30-3.69 (B+ to A-) | R23: A- to B+ (80-89%) | S23: More than 3 years | T23: Very satisfied | U23: Always (for every course) | V23: Yes, switched from paper to digital | W23: Significant improvement
A24: 24 | D24: anonymous | F24: Undergraduate (4th year or higher) | G24: Engineering | H24: 3-4 courses | I24: Digital notes on tablet with stylus (iPad, Surface, etc.) | J24: iPad with Apple Pencil | K24: GoodNotes; | L24: 76-100% | M24: Math/Statistics courses | N24: I don't take notes in some course types | O24: Annotate directly on the provided slides (if digital) | P24: 2.30-2.69 (C+ to B-) | Q24: 2.30-2.69 (C+ to B-) | R24: B to B- (70-79%) | S24: More than 3 years | T24: Satisfied | U24: Sometimes (for some courses) | V24: Yes, switched from paper to digital | W24: No change
A25: 25 | D25: anonymous | F25: Maybe Undergraduate (3rd year) | G25: Business/Commerce (JMSB) | H25: 3-4 courses | I25: Digital notes on laptop/computer (typing) | J25: Laptop/computer (typing only) | K25: Notion;OneNote; | L25: 76-100% | M25: Business/Economics courses | N25: No, I use the same method for all courses | O25: Take minimal notes, rely mainly on slides | P25: 3.30-3.69 (B+ to A-) | Q25: 3.30-3.69 (B+ to A-) | R25: A- to B+ (80-89%) | S25: 2-3 years | T25: Very satisfied | U25: Often (for most courses) | V25: Yes, switched between different digital methods | W25: Slight improvement
... A54: 54 | D54: anonymous | F54: Graduate student | G54: Engineering | H54: 3-4 courses | I54: Digital notes on tablet with stylus (iPad, Surface, etc.) | J54: Microsoft Surface with stylus | K54: OneNote;Notion; | L54: 76-100% | M54: Math/Statistics courses; Engineering technical courses; Courses with lots of diagrams/equations; Problem-solving/exercise-based courses; | N54: Yes, I use different methods for different types of courses | O54: Annotate directly on the provided slides (if digital) | P54: 3.70-4.00 (A- to A+) | Q54: 3.70-4.00 (A- to A+) | R54: A+ to A (90-100%) | S54: More than 3 years | T54: Very satisfied | U54: Always (for every course) | V54: Yes, switched from paper to digital | W54: Significant improvement

Sheet Raw Data
B2: Student_ID | C2: Group | D2: GPA_Numeric | E2: Academic Level | F2: Major
B3: 1 | C3: Digital | D3: 3.85 | E3: Undergraduate | F3: Engineering
B4: 2 | C4: Digital | D4: 3.85 | E4: Undergraduate | F4: Engineering
B5: 3 | C5: Digital | D5: 3.85 | E5: Undergraduate | F5: Engineering
B6: 4 | C6: Digital | D6: 3.85 | E6: Undergraduate | F6: Engineering
B7: 5 | C7: Digital | D7: 3.85 | E7: Undergraduate | F7: Engineering
B8: 6 | C8: Digital | D8: 3.85 | E8: Undergraduate | F8: Engineering
B9: 7 | C9: Digital | D9: 3.85 | E9: Undergraduate | F9: Engineering
B10: 8 | C10: Digital | D10: 3.5 | E10: Undergraduate | F10: Engineering
B11: 9 | C11: Digital | D11: 3.5 | E11: Undergraduate | F11: Engineering
B12: 10 | C12: Digital | D12: 3.5 | E12: Undergraduate | F12: Engineering
B13: 11 | C13: Digital | D13: 3.5 | E13: Undergraduate | F13: Engineering
B14: 12 | C14: Digital | D14: 3.5 | E14: Undergraduate | F14: Engineering
... B37: 35 | C37: Paper | D37: 2.5 | E37: Undergraduate | F37: Engineering

Sheet Calculations
B2: A.Descriptive Statistics
B4: Digital
B6: Digital count | E6: =COUNTIF('Raw Data'!$C$3:$C$37,"Digital") -> 21
B7: Digital Mean | E7: =AVERAGEIF('Raw Data'!$C$3:$C$37,"Digital",'Raw Data'!$D$3:$D$37) -> 3.4261905
B8: Digital Median | E8: {=MEDIAN(IF('Raw Data'!$C$3:$C$37="Digital",'Raw Data'!$D$3:$D$37))} -> 3.5
B9: Digital StdDEV | E9: {=_xlfn.STDEV.S(IF('Raw Data'!$C$3:$C$37="Digital",'Raw Data'!$D$3:$D$37))} -> 0.43261387
B10: Digital Variance | E10: {=_xlfn.VAR.S(IF('Raw Data'!$C$3:$C$37="Digital",'Raw Data'!$D$3:$D$37))} -> 0.18715476
B11: Digital StdError | E11: =E9/SQRT(E6) -> 0.094404086
B14: Paper
M15: Raw Data'!C3:C37="Digital",'Raw Data'!D3:D37
B16: Paper Count | E16: =COUNTIF('Raw Data'!$C$3:$C$37,"Paper") -> 14
B17: Paper Mean | E17: =AVERAGEIF('Raw Data'!$C$3:$C$37,"Paper",'Raw Data'!$D$3:$D$37) -> 3.2178571
B18: Paper Median | E18: {=MEDIAN(IF('Raw Data'!$C$3:$C$37="Paper",'Raw Data'!$D$3:$D$37))} -> 3.25
B19: Paper StdDEV | E19: {=_xlfn.STDEV.S(IF('Raw Data'!$C$3:$C$37="Paper",'Raw Data'!$D$3:$D$37))} -> 0.50023346
B20: Paper Variance | E20: {=_xlfn.VAR.S(IF('Raw Data'!$C$3:$C$37="Paper",'Raw Data'!$D$3:$D$37))} -> 0.25023352
B21: Paper StdError | E21: =E19/SQRT(E16) -> 0.13369302
B24: Confidence Intervals (95%)
B26: Digital
B28: Digital df | E28: =$E$6-1 -> 20
B29: Digital t_critical | E29: =_xlfn.T.INV.2T(0.05,$E$28) -> 2.0859634
B30: Digital Cl_Lower | E30: =$E$7-$E$29*$E$11 -> 3.229267
B31: Digital Cl_upper | E31: =$E$7+$E$29*$E$11 -> 3.6231139
B34: Paper
B36: Paper df | E36: =$E$16-1 -> 13
B37: Paper t_critical | E37: =_xlfn.T.INV.2T(0.05,$E$36) -> 2.1603687
B38: Paper_Cl_Lower | E38: =$E$17-$E$37*$E$21 -> 2.9290309
B39: Paper Cl_Upper | E39: =$E$17+$E$37*$E21 -> 3.5066833
B42: Two-Sample t-test
B44: Pooled SD
B46: Pooled Variance | E46: =(E28*E10+E36*E20)/(E28+E36) -> 0.21200397
B47: Pooled StdDev | E47: =SQRT(E46) -> 0.46043889
B49: t-Test
B51: Mean Difference | E51: =E7-E17 -> 0.20833333
B52: SE Difference | E52: =E47*SQRT(1/E6+1/E16) -> 0.15886651
B53: t Statistic | E53: =E51/E52 -> 1.3113735
B54: df Total | E54: =E28+E36 -> 33
B55: t critical onetail | E55: =_xlfn.T.INV(0.95,E54) -> 1.6923603
B56: p value onetail | E56: =1-_xlfn.T.DIST(E53,E54,TRUE) -> 0.099391514
B57: p value two tail | E57: =2*(1-_xlfn.T.DIST(ABS(E53),E54,TRUE)) -> 0.19878303

Sheet Graphs
B2: GPA Range | C2: Digital Count | D2: Paper Count | I2: Statistic | J2: Digital | K2: Paper | P2: Group | Q2: Mean Formula | R2: Standard Error Formula | V2: A.Descriptive Statistics
B3: 2.5 | C3: =COUNTIFS('Raw Data'!$C$3:$C$37,"Digital",'Raw Data'!$D$3:$D$37,2.5) -> 2 | D3: =COUNTIFS('Raw Data'!$C$3:$C$37,"Paper",'Raw Data'!$D$3:$D$37,2.5) -> 3 | I3: Min | J3: {=MIN(IF('Raw Data'!$C$3:$C$37="Digital",'Raw Data'!$D$3:$D$37))} -> 2.5 | K3: {=MIN(IF('Raw Data'!$C$3:$C$37="Paper",'Raw Data'!$D$3:$D$37))} -> 2.5 | P3: Digital | Q3: =AVERAGEIF('Raw Data'!$C$3:$C$37,"Digital",'Raw Data'!$D$3:$D$37) -> 3.4261905 | R3: {=STDEV(IF('Raw Data'!$C$3:$C$37="Digital",'Raw Data'!$D$3:$D$37))/SQRT(COUNTIF('Raw Data'!$C$3:$C$37,"Digital"))} -> 0.094404086
B4: 3 | C4: =COUNTIFS('Raw Data'!$C$3:$C$37,"Digital",'Raw Data'!$D$3:$D$37,3) -> 4 | D4: =COUNTIFS('Raw Data'!$C$3:$C$37,"Paper",'Raw Data'!$D$3:$D$37,3) -> 4 | I4: Q1 | J4: {=QUARTILE(IF('Raw Data'!$C$3:$C$37="Digital",'Raw Data'!$D$3:$D$37),1)} -> 3 | K4: {=QUARTILE(IF('Raw Data'!$C$3:$C$37="Paper",'Raw Data'!$D$3:$D$37),1)} -> 3 | P4: Paper | Q4: =AVERAGEIF('Raw Data'!$C$3:$C$37,"Paper",'Raw Data'!$D$3:$D$37) -> 3.2178571 | R4: {=STDEV(IF('Raw Data'!$C$3:$C$37="Paper",'Raw Data'!$D$3:$D$37))/SQRT(COUNTIF('Raw Data'!$C$3:$C$37,"Paper"))} -> 0.13369302 | V4: Digital | AA4: Group | AB4: Mean | AC4: Cl lower | AD4: Cl upper | AE4: Lower Error | AF4: Upper error
B5: 3.5 | C5: =COUNTIFS('Raw Data'!$C$3:$C$37,"Digital",'Raw Data'!$D$3:$D$37,3.5) -> 8 | D5: =COUNTIFS('Raw Data'!$C$3:$C$37,"Paper",'Raw Data'!$D$3:$D$37,3.5) -> 4 | I5: Median | J5: {=MEDIAN(IF('Raw Data'!$C$3:$C$37="Digital",'Raw Data'!$D$3:$D$37))} -> 3.5 | K5: {=MEDIAN(IF('Raw Data'!$C$3:$C$37="Paper",'Raw Data'!$D$3:$D$37))} -> 3.25 | AA5: Digital | AB5: =Y7 -> 3.4261905 | AC5: =AB5-_xlfn.T.INV.2T(0.05,Y6-1)*(Y9/SQRT(Y6)) -> 3.229267 | AD5: =AB5+_xlfn.T.INV.2T(0.05,Y6-1)*(Y9/SQRT(Y6)) -> 3.6231139 | AE5: =AB5-AC5 -> 0.19692347 | AF5: =AD5-AB5 -> 0.19692347
B6: 3.85 | C6: =COUNTIFS('Raw Data'!$C$3:$C$37,"Digital",'Raw Data'!$D$3:$D$37,3.85) -> 7 | D6: =COUNTIFS('Raw Data'!$C$3:$C$37,"Paper",'Raw Data'!$D$3:$D$37,3.85) -> 3 | I6: Q3 | J6: {=QUARTILE(IF('Raw Data'!$C$3:$C$37="Digital",'Raw Data'!$D$3:$D$37),3)} -> 3.85 | K6: {=QUARTILE(IF('Raw Data'!$C$3:$C$37="Paper",'Raw Data'!$D$3:$D$37),3)} -> 3.5 | V6: Digital count | Y6: =COUNTIF('Raw Data'!$C$3:$C$37,"Digital") -> 21 | AA6: Paper | AB6: =Y17 -> 3.2178571 | AC6: =AB6-_xlfn.T.INV.2T(0.05,Y16-1)*(Y19/SQRT(Y16)) -> 2.9290309 | AD6: =AB6+_xlfn.T.INV.2T(0.05,Y16-1)*(Y19/SQRT(Y16)) -> 3.5066833 | AE6: =AB6-AC6 -> 0.2888262 | AF6: =AD6-AB6 -> 0.2888262
I7: Max | J7: {=MAX(IF('Raw Data'!$C$3:$C$37="Digital",'Raw Data'!$D$3:$D$37))} -> 3.85 | K7: {=MAX(IF('Raw Data'!$C$3:$C$37="Paper",'Raw Data'!$D$3:$D$37))} -> 3.85 | V7: Digital Mean | Y7: =AVERAGEIF('Raw Data'!$C$3:$C$37,"Digital",'Raw Data'!$D$3:$D$37) -> 3.4261905
V8: Digital Median | Y8: {=MEDIAN(IF('Raw Data'!$C$3:$C$37="Digital",'Raw Data'!$D$3:$D$37))} -> 3.5
V9: Digital StdDEV | Y9: {=_xlfn.STDEV.S(IF('Raw Data'!$C$3:$C$37="Digital",'Raw Data'!$D$3:$D$37))} -> 0.43261387
V10: Digital Variance | Y10: {=_xlfn.VAR.S(IF('Raw Data'!$C$3:$C$37="Digital",'Raw Data'!$D$3:$D$37))} -> 0.18715476
V11: Digital StdError | Y11: =Y9/SQRT(Y6) -> 0.094404086
V14: Paper
V16: Paper Count | Y16: =COUNTIF('Raw Data'!$C$3:$C$37,"Paper") -> 14
V17: Paper Mean | Y17: =AVERAGEIF('Raw Data'!$C$3:$C$37,"Paper",'Raw Data'!$D$3:$D$37) -> 3.2178571
V18: Paper Median | Y18: {=MEDIAN(IF('Raw Data'!$C$3:$C$37="Paper",'Raw Data'!$D$3:$D$37))} -> 3.25
V19: Paper StdDEV | Y19: {=_xlfn.STDEV.S(IF('Raw Data'!$C$3:$C$37="Paper",'Raw Data'!$D$3:$D$37))} -> 0.50023346
V20: Paper Variance | Y20: {=_xlfn.VAR.S(IF('Raw Data'!$C$3:$C$37="Paper",'Raw Data'!$D$3:$D$37))} -> 0.25023352
V21: Paper StdError | Y21: =Y19/SQRT(Y16) -> 0.13369302
